house_id,city,area_sqm,bedrooms,bathrooms,parking_spaces,property_type,year_built,distance_to_city_center_km,electricity_hours_per_day
HOUSE_0332,Port Harcourt,118.69,5,4,0,Flat,1995.0,5.28,17.0
HOUSE_0410,Enugu,123.29,3,2,3,Duplex,2021.0,13.33,12.0
HOUSE_0077,Abuja,92.8,4,3,2,Duplex,2007.0,9.16,19.0
HOUSE_0869,Port Harcourt,77.85,3,1,0,Duplex,2012.0,2.66,20.0
HOUSE_0139,Port Harcourt,127.96,2,2,1,Bungalow,2013.0,5.0,
HOUSE_0544,Lagos,161.21,4,4,3,Bungalow,2010.0,9.19,
HOUSE_0674,Port Harcourt,40.0,3,2,0,Bungalow,1999.0,12.67,20.0
HOUSE_0921,Enugu,114.86,3,4,1,Bungalow,2016.0,1.41,15.0
HOUSE_0064,Port Harcourt,80.38,2,2,0,Flat,2017.0,5.17,13.0
HOUSE_0142,Port Harcourt,183.44,1,3,0,Duplex,2013.0,1.81,14.0
HOUSE_0717,Abuja,154.42,1,4,1,Duplex,2005.0,5.08,
HOUSE_0377,Enugu,80.97,4,2,3,Flat,2021.0,13.27,14.0
HOUSE_0364,Port Harcourt,120.74,5,4,3,Bungalow,2021.0,9.74,19.0
HOUSE_0140,Ibadan,122.79,2,3,3,Duplex,2011.0,6.07,9.0
HOUSE_0885,Lagos,124.93,4,1,1,Bungalow,1997.0,10.76,15.0
HOUSE_1042,Lagos,62.25,3,2,3,Duplex,2003.0,3.48,
HOUSE_0225,Lagos,99.45,2,3,2,Duplex,1992.0,2.7,10.0
HOUSE_0515,Lagos,144.54,1,1,0,Flat,2000.0,2.89,16.0
HOUSE_0267,Ibadan,117.36,4,2,1,Bungalow,2007.0,1.94,
HOUSE_1170,Abuja,120.28,1,2,0,Bungalow,2000.0,4.7,11.0
HOUSE_0487,Enugu,153.63,2,1,3,Bungalow,2010.0,4.74,10.0
HOUSE_0353,Lagos,57.73,2,2,1,Bungalow,2000.0,11.03,16.0
HOUSE_1006,Port Harcourt,55.7,3,2,1,Bungalow,2009.0,4.19,13.0
HOUSE_0618,Ibadan,87.85,4,4,0,Duplex,1997.0,16.2,14.0
HOUSE_0668,Port Harcourt,125.95,5,2,2,Flat,2005.0,6.31,11.0
HOUSE_0775,Ibadan,150.64,4,4,1,Flat,1999.0,14.13,14.0
HOUSE_0554,Enugu,144.51,5,2,0,Bungalow,2010.0,2.73,18.0
HOUSE_0576,Lagos,80.34,1,1,0,Bungalow,2015.0,2.77,
HOUSE_0915,Ibadan,116.06,2,2,0,Flat,1990.0,8.09,
HOUSE_0466,Enugu,97.79,4,3,2,Bungalow,2019.0,17.41,6.0
HOUSE_0591,Port Harcourt,127.2,5,1,2,Flat,2003.0,14.96,20.0
HOUSE_0765,Abuja,100.45,2,1,3,Duplex,,2.4,9.0
HOUSE_0635,Lagos,90.58,4,1,1,Flat,2003.0,14.18,14.0
HOUSE_0838,Lagos,184.62,3,2,3,Flat,2013.0,6.39,
HOUSE_0290,Lagos,60.86,3,4,1,Flat,2016.0,13.72,17.0
HOUSE_0040,Enugu,123.67,5,1,0,Bungalow,2003.0,1.94,
HOUSE_0031,Abuja,100.83,1,4,0,Flat,,7.07,6.0
HOUSE_0243,Ibadan,89.75,5,2,2,Bungalow,2010.0,0.89,17.0
HOUSE_0429,Enugu,86.71,5,2,2,Duplex,2016.0,10.36,
HOUSE_0137,Abuja,166.53,5,3,1,Bungalow,1996.0,8.05,7.0
HOUSE_1101,Lagos,192.17,4,2,2,Flat,2011.0,7.05,
HOUSE_0865,Abuja,134.69,1,3,0,Bungalow,2013.0,17.19,7.0
HOUSE_0004,Port Harcourt,183.17,5,3,0,Flat,2017.0,11.84,16.0
HOUSE_0833,Abuja,171.88,4,1,3,Bungalow,1992.0,7.89,13.0
HOUSE_0603,Port Harcourt,121.95,2,4,3,Flat,2013.0,8.2,
HOUSE_1034,Ibadan,40.0,4,4,0,Flat,2013.0,7.33,16.0
HOUSE_0655,Abuja,163.44,5,3,2,Bungalow,,10.37,14.0
HOUSE_0844,Enugu,101.42,1,3,1,Duplex,2003.0,9.01,14.0
HOUSE_0784,Enugu,122.68,4,3,3,Bungalow,1993.0,10.58,8.0
HOUSE_1074,Lagos,55.96,1,2,1,Bungalow,2005.0,3.86,21.0
HOUSE_0443,Enugu,147.28,2,4,2,Bungalow,2008.0,17.23,10.0
HOUSE_1178,Abuja,168.48,5,1,1,Flat,1997.0,9.31,15.0
HOUSE_0436,Ibadan,112.92,3,1,2,Bungalow,1999.0,4.01,
HOUSE_1169,Abuja,140.03,1,1,3,Flat,1990.0,8.25,16.0
HOUSE_0101,Enugu,134.31,4,4,3,Duplex,2017.0,10.8,15.0
HOUSE_0773,Port Harcourt,95.91,2,4,2,Duplex,2011.0,10.34,12.0
HOUSE_0495,Abuja,111.16,3,4,3,Flat,2010.0,8.13,11.0
HOUSE_1028,Abuja,66.17,2,1,0,Duplex,2006.0,3.9,17.0
HOUSE_0807,Port Harcourt,155.32,2,2,2,Flat,2006.0,7.61,9.0
HOUSE_1142,Port Harcourt,167.76,2,4,3,Bungalow,1991.0,3.09,17.0
HOUSE_0846,Lagos,143.47,1,3,2,Flat,2017.0,5.63,14.0
HOUSE_0987,Ibadan,146.24,1,3,0,Flat,2021.0,8.97,14.0
HOUSE_0228,Enugu,98.79,4,1,2,Duplex,2018.0,4.04,12.0
HOUSE_1193,Abuja,121.31,2,1,0,Bungalow,2013.0,4.21,21.0
HOUSE_0672,Abuja,137.48,3,1,3,Bungalow,2018.0,13.95,
HOUSE_0859,Lagos,133.28,4,1,3,Bungalow,2015.0,8.95,21.0
HOUSE_0925,Enugu,158.78,4,1,1,Duplex,2021.0,10.14,14.0
HOUSE_0067,Enugu,77.51,4,2,3,Duplex,2006.0,10.37,13.0
HOUSE_0068,Ibadan,83.22,5,4,1,Duplex,2018.0,15.75,8.0
HOUSE_0817,Abuja,94.26,3,3,3,Bungalow,1994.0,13.15,20.0
HOUSE_0212,Lagos,110.04,5,1,3,Duplex,1992.0,12.86,18.0
HOUSE_0013,Port Harcourt,98.22,2,3,1,Flat,,8.55,14.0
HOUSE_0494,Enugu,180.14,1,4,2,Duplex,1993.0,12.39,10.0
HOUSE_1165,Lagos,147.82,5,4,1,Flat,1990.0,12.25,14.0
HOUSE_0300,Port Harcourt,102.23,1,3,3,Bungalow,2010.0,9.89,19.0
HOUSE_0411,Enugu,99.31,2,2,0,Duplex,1991.0,15.05,13.0
HOUSE_0757,Ibadan,91.33,4,4,0,Bungalow,2009.0,1.33,
HOUSE_1075,Enugu,115.87,4,1,2,Flat,2010.0,0.22,20.0
HOUSE_0696,Enugu,138.4,1,4,0,Duplex,,4.61,7.0
HOUSE_1151,Enugu,162.08,4,4,0,Duplex,2003.0,3.01,10.0
HOUSE_0724,Lagos,98.86,3,1,3,Flat,2022.0,10.93,21.0
HOUSE_1016,Port Harcourt,152.28,2,2,3,Bungalow,,3.13,12.0
HOUSE_0528,Lagos,97.99,1,3,1,Bungalow,2019.0,4.64,16.0
HOUSE_0600,Abuja,128.96,1,1,0,Bungalow,1990.0,14.82,18.0
HOUSE_1120,Ibadan,103.72,2,3,1,Flat,2002.0,11.43,6.0
HOUSE_0567,Port Harcourt,184.55,5,2,1,Flat,2004.0,10.27,14.0
HOUSE_0731,Lagos,114.46,2,3,3,Duplex,2009.0,1.88,15.0
HOUSE_0274,Lagos,143.08,3,3,3,Bungalow,,6.98,
HOUSE_0967,Lagos,101.39,3,1,3,Duplex,2016.0,7.47,16.0
HOUSE_0238,Abuja,185.8,3,1,1,Bungalow,1999.0,6.75,11.0
HOUSE_0406,Ibadan,112.53,4,2,1,Flat,2016.0,5.8,13.0
HOUSE_0003,Enugu,110.63,5,1,1,Bungalow,,6.83,19.0
HOUSE_0007,Port Harcourt,129.68,1,3,2,Bungalow,2002.0,1.57,8.0
HOUSE_0312,Enugu,195.28,2,4,2,Duplex,2021.0,14.73,21.0
HOUSE_1091,Ibadan,112.4,1,3,3,Bungalow,2003.0,6.21,6.0
HOUSE_0452,Enugu,121.15,4,1,3,Bungalow,2000.0,14.39,19.0
HOUSE_0722,Ibadan,127.24,2,2,0,Flat,2001.0,1.52,6.0
HOUSE_0216,Ibadan,72.67,2,1,1,Flat,2010.0,2.2,15.0
HOUSE_1086,Port Harcourt,159.49,1,1,1,Duplex,2021.0,7.62,18.0
HOUSE_0028,Lagos,161.24,1,4,2,Duplex,2016.0,12.66,20.0
HOUSE_1158,Ibadan,146.64,5,3,0,Bungalow,2003.0,10.11,21.0
HOUSE_0362,Enugu,66.07,2,2,3,Duplex,1998.0,11.72,11.0
HOUSE_0823,Lagos,77.5,1,4,2,Flat,2011.0,10.14,18.0
HOUSE_0781,Enugu,119.15,4,4,2,Bungalow,2005.0,4.26,11.0
HOUSE_0629,Enugu,186.9,3,2,2,Flat,2007.0,10.1,21.0
HOUSE_0454,Enugu,65.61,3,3,2,Flat,1996.0,11.73,7.0
HOUSE_0739,Ibadan,115.16,4,3,1,Flat,1998.0,10.1,12.0
HOUSE_0536,Port Harcourt,118.12,5,3,3,Duplex,2005.0,10.39,14.0
HOUSE_1050,Abuja,57.85,4,2,0,Duplex,,12.09,
HOUSE_0399,Enugu,118.42,5,1,2,Bungalow,2001.0,11.41,9.0
HOUSE_0257,Lagos,110.44,3,3,0,Duplex,2009.0,3.46,6.0
HOUSE_0292,Ibadan,145.31,1,2,3,Bungalow,1998.0,19.35,13.0
HOUSE_0026,Lagos,132.96,1,3,0,Bungalow,2005.0,6.07,14.0
HOUSE_0337,Port Harcourt,106.29,5,2,3,Flat,1998.0,6.14,15.0
HOUSE_0585,Enugu,143.79,4,3,2,Duplex,2020.0,12.27,6.0
HOUSE_0048,Lagos,104.32,3,2,1,Bungalow,1996.0,0.68,17.0
HOUSE_0319,Enugu,152.93,5,3,2,Duplex,2015.0,8.37,8.0
HOUSE_0107,Ibadan,158.16,5,3,3,Flat,2019.0,11.26,15.0
HOUSE_0799,Lagos,144.77,5,3,0,Duplex,,18.29,6.0
HOUSE_0056,Port Harcourt,43.25,1,2,2,Duplex,1994.0,7.87,16.0
HOUSE_0523,Port Harcourt,113.09,2,1,0,Bungalow,2000.0,12.42,
HOUSE_0214,Enugu,81.4,3,2,0,Duplex,,11.43,16.0
HOUSE_0121,Lagos,88.3,3,3,3,Flat,2018.0,7.43,
HOUSE_0918,Port Harcourt,95.5,4,2,1,Duplex,1997.0,9.81,16.0
HOUSE_1068,Lagos,105.84,5,3,3,Bungalow,1992.0,5.13,21.0
HOUSE_1118,Enugu,71.55,1,2,2,Duplex,2002.0,11.65,
HOUSE_0073,Port Harcourt,130.4,4,2,3,Flat,2007.0,11.91,19.0
HOUSE_0948,Port Harcourt,116.47,4,3,3,Bungalow,2001.0,6.15,6.0
HOUSE_0747,Ibadan,97.43,4,2,0,Bungalow,2007.0,8.92,16.0
HOUSE_0716,Lagos,132.3,5,3,1,Flat,2011.0,12.08,18.0
HOUSE_0558,Abuja,126.02,4,1,1,Bungalow,2017.0,9.82,8.0
HOUSE_1082,Abuja,139.93,5,1,2,Flat,2015.0,13.7,9.0
HOUSE_1046,Enugu,133.07,5,3,1,Duplex,2017.0,9.5,
HOUSE_0553,Ibadan,164.33,2,4,0,Flat,2012.0,2.8,20.0
HOUSE_0562,Enugu,145.55,1,1,0,Duplex,2022.0,2.28,9.0
HOUSE_0425,Enugu,94.49,3,1,0,Flat,2002.0,5.35,20.0
HOUSE_1014,Enugu,192.02,5,3,3,Duplex,1995.0,14.19,10.0
HOUSE_0326,Abuja,193.96,1,3,0,Flat,2017.0,13.63,13.0
HOUSE_0924,Enugu,170.63,1,2,0,Duplex,2002.0,3.67,16.0
HOUSE_0317,Port Harcourt,113.68,1,1,2,Bungalow,2008.0,5.87,6.0
HOUSE_0804,Lagos,124.91,1,2,1,Bungalow,2018.0,16.12,17.0
HOUSE_1163,Port Harcourt,119.78,4,4,0,Flat,2005.0,11.34,20.0
HOUSE_0529,Lagos,118.98,2,4,2,Bungalow,2020.0,13.86,17.0
HOUSE_0837,Abuja,104.33,3,2,0,Bungalow,2001.0,3.39,16.0
HOUSE_0715,Ibadan,111.15,2,3,0,Bungalow,2006.0,6.62,18.0
HOUSE_0901,Port Harcourt,196.05,2,3,1,Flat,2007.0,7.7,17.0
HOUSE_0061,Port Harcourt,151.64,2,1,2,Bungalow,2011.0,3.45,8.0
HOUSE_0723,Enugu,135.99,5,3,1,Bungalow,2004.0,4.74,13.0
HOUSE_0093,Port Harcourt,111.06,3,3,2,Flat,1997.0,11.57,12.0
HOUSE_0858,Ibadan,98.59,4,2,1,Bungalow,1990.0,7.55,19.0
HOUSE_0619,Port Harcourt,187.11,2,2,2,Duplex,2012.0,5.23,
HOUSE_0352,Port Harcourt,91.83,3,1,2,Flat,1997.0,0.96,6.0
HOUSE_0933,Enugu,172.17,3,2,3,Duplex,1998.0,0.31,15.0
HOUSE_0281,Lagos,131.59,4,3,1,Duplex,2022.0,18.38,15.0
HOUSE_0421,Ibadan,118.02,2,1,1,Duplex,2015.0,11.37,
HOUSE_1115,Port Harcourt,45.34,1,4,1,Flat,2004.0,13.04,13.0
HOUSE_0360,Lagos,105.46,2,3,0,Flat,2013.0,7.72,10.0
HOUSE_0423,Enugu,126.66,2,1,3,Flat,1998.0,10.46,9.0
HOUSE_0679,Abuja,98.15,1,4,1,Flat,1992.0,9.96,
HOUSE_0527,Port Harcourt,139.76,1,1,3,Duplex,1992.0,9.3,
HOUSE_0478,Lagos,116.71,1,2,2,Duplex,2018.0,13.59,11.0
HOUSE_1095,Ibadan,102.83,5,4,0,Duplex,1993.0,10.94,16.0
HOUSE_0183,Abuja,147.61,3,2,1,Bungalow,1999.0,5.99,8.0
HOUSE_1092,Port Harcourt,112.78,1,3,3,Flat,2002.0,14.86,
HOUSE_0433,Enugu,95.49,2,1,2,Flat,2020.0,6.06,
HOUSE_0111,Abuja,212.59,5,4,3,Flat,2020.0,1.34,17.0
HOUSE_0371,Abuja,46.37,1,3,2,Bungalow,,1.6,11.0
HOUSE_0240,Enugu,243.16,3,2,3,Bungalow,1991.0,13.6,21.0
HOUSE_0709,Lagos,122.28,4,1,2,Flat,1993.0,9.34,15.0
HOUSE_0630,Ibadan,91.8,3,2,3,Duplex,2003.0,7.72,19.0
HOUSE_0594,Enugu,80.7,1,2,3,Duplex,1998.0,6.88,9.0
HOUSE_0486,Ibadan,125.12,3,3,2,Duplex,2009.0,4.59,12.0
HOUSE_0701,Enugu,78.12,2,4,3,Bungalow,2002.0,10.68,
HOUSE_0262,Port Harcourt,93.5,5,4,2,Flat,2019.0,10.85,
HOUSE_0480,Lagos,142.79,4,1,1,Bungalow,2003.0,10.24,13.0
HOUSE_0650,Ibadan,130.7,3,4,2,Flat,2009.0,9.61,6.0
HOUSE_0340,Abuja,157.43,4,3,2,Bungalow,2021.0,14.36,
HOUSE_0669,Lagos,95.46,5,3,0,Flat,2012.0,6.49,10.0
HOUSE_0552,Lagos,203.53,3,2,1,Bungalow,2011.0,7.3,16.0
HOUSE_0459,Port Harcourt,144.32,1,3,3,Duplex,2006.0,8.93,13.0
HOUSE_0184,Port Harcourt,128.96,4,4,2,Bungalow,2010.0,8.06,10.0
HOUSE_0138,Port Harcourt,80.74,1,3,1,Flat,2008.0,10.31,16.0
HOUSE_1161,Lagos,137.58,4,4,2,Bungalow,2015.0,11.89,12.0
HOUSE_0707,Ibadan,138.24,1,3,3,Duplex,1991.0,18.83,16.0
HOUSE_0582,Abuja,64.42,5,3,3,Duplex,2019.0,0.23,7.0
HOUSE_0081,Enugu,81.01,5,1,1,Duplex,1996.0,11.94,
HOUSE_0769,Abuja,140.54,3,1,0,Bungalow,2022.0,5.34,9.0
HOUSE_0870,Enugu,158.01,5,1,3,Bungalow,,16.55,
HOUSE_0762,Enugu,110.94,3,2,0,Duplex,1992.0,3.2,12.0
HOUSE_0030,Abuja,133.25,2,4,1,Duplex,2001.0,12.88,14.0
HOUSE_0542,Ibadan,107.13,2,1,2,Flat,,18.38,7.0
HOUSE_0166,Abuja,119.51,2,4,1,Flat,2012.0,3.51,
HOUSE_0249,Ibadan,78.51,4,4,2,Bungalow,1990.0,7.05,9.0
HOUSE_0308,Port Harcourt,217.83,5,3,2,Duplex,2013.0,8.65,
HOUSE_0448,Port Harcourt,175.29,4,2,3,Duplex,2014.0,11.24,17.0
HOUSE_0347,Port Harcourt,76.76,1,1,0,Duplex,2004.0,11.08,
HOUSE_0335,Ibadan,40.0,3,3,3,Flat,1994.0,13.46,11.0
HOUSE_0286,Lagos,120.74,2,4,0,Bungalow,2018.0,16.38,7.0
HOUSE_0950,Enugu,142.44,5,4,0,Bungalow,2002.0,6.52,17.0
HOUSE_0098,Port Harcourt,126.93,3,2,0,Duplex,2020.0,9.93,9.0
HOUSE_0468,Enugu,137.6,5,1,0,Bungalow,1996.0,5.49,15.0
HOUSE_1037,Port Harcourt,123.55,3,2,1,Bungalow,2016.0,8.99,13.0
HOUSE_0913,Lagos,126.75,1,1,1,Bungalow,2002.0,10.21,11.0
HOUSE_0756,Port Harcourt,74.33,4,1,1,Duplex,1999.0,7.03,20.0
HOUSE_0945,Enugu,101.05,4,2,0,Bungalow,1996.0,7.93,
HOUSE_0614,Ibadan,121.75,3,3,1,Bungalow,2002.0,7.26,20.0
HOUSE_0802,Enugu,94.16,1,3,0,Duplex,2021.0,4.0,8.0
HOUSE_0758,Ibadan,116.69,5,1,1,Bungalow,2011.0,7.39,17.0
HOUSE_0689,Port Harcourt,93.24,4,1,0,Duplex,1991.0,13.2,
HOUSE_0066,Port Harcourt,57.97,5,3,3,Bungalow,2022.0,8.34,19.0
HOUSE_0794,Enugu,127.06,4,2,3,Bungalow,2017.0,6.16,
HOUSE_0744,Lagos,63.27,5,3,2,Flat,1993.0,0.8,9.0
HOUSE_0568,Lagos,110.23,2,1,3,Bungalow,1994.0,12.82,15.0
HOUSE_1084,Ibadan,87.57,3,4,2,Flat,2010.0,1.71,16.0
HOUSE_1099,Port Harcourt,137.04,1,2,1,Flat,2011.0,8.1,15.0
HOUSE_0303,Enugu,136.54,2,4,1,Duplex,2003.0,17.38,16.0
HOUSE_0255,Port Harcourt,121.94,2,2,2,Bungalow,2010.0,3.85,11.0
HOUSE_0959,Lagos,88.49,2,1,2,Duplex,2014.0,4.9,13.0
HOUSE_1024,Ibadan,120.01,2,4,2,Duplex,2004.0,7.95,
HOUSE_0313,Abuja,183.73,3,2,1,Bungalow,,5.44,21.0
HOUSE_0530,Port Harcourt,141.74,1,1,1,Flat,2011.0,6.15,17.0
HOUSE_0222,Enugu,40.0,4,2,3,Duplex,2018.0,7.55,7.0
HOUSE_0389,Ibadan,90.91,1,2,2,Bungalow,1991.0,6.76,15.0
HOUSE_0236,Enugu,109.0,1,1,1,Duplex,2000.0,3.51,11.0
HOUSE_0810,Ibadan,102.95,4,4,2,Bungalow,1992.0,13.74,9.0
HOUSE_0483,Port Harcourt,116.41,3,4,2,Flat,2019.0,15.2,15.0
HOUSE_0713,Abuja,78.21,5,4,0,Flat,2005.0,1.83,
HOUSE_0306,Ibadan,146.17,3,1,1,Flat,1997.0,7.72,21.0
HOUSE_1111,Port Harcourt,105.67,3,3,2,Duplex,1990.0,4.76,
HOUSE_1090,Ibadan,200.94,2,1,2,Bungalow,2004.0,8.03,13.0
HOUSE_0772,Lagos,186.45,4,1,0,Duplex,1993.0,5.71,8.0
HOUSE_0917,Port Harcourt,158.13,3,2,3,Bungalow,1996.0,9.44,11.0
HOUSE_1139,Ibadan,147.17,4,4,0,Duplex,2022.0,2.26,10.0
HOUSE_0250,Abuja,84.98,3,3,3,Duplex,1992.0,1.09,18.0
HOUSE_0760,Enugu,79.03,4,2,0,Duplex,2010.0,17.27,7.0
HOUSE_0595,Abuja,142.0,5,4,1,Bungalow,1996.0,3.16,11.0
HOUSE_0072,Enugu,55.7,1,4,3,Flat,2012.0,8.92,15.0
HOUSE_0095,Enugu,86.13,5,3,0,Flat,2008.0,0.43,13.0
HOUSE_0546,Enugu,117.14,2,2,2,Duplex,2001.0,7.81,8.0
HOUSE_0034,Enugu,117.12,4,2,1,Duplex,2003.0,13.02,7.0
HOUSE_0862,Ibadan,149.55,2,4,0,Duplex,2019.0,11.08,10.0
HOUSE_0579,Port Harcourt,92.47,3,1,1,Bungalow,2000.0,19.26,
HOUSE_0449,Port Harcourt,113.32,1,4,1,Flat,2018.0,8.73,8.0
HOUSE_0446,Ibadan,152.82,2,1,2,Duplex,1990.0,10.54,14.0
HOUSE_0260,Port Harcourt,123.97,3,4,1,Duplex,2003.0,11.76,19.0
HOUSE_0205,Lagos,124.81,3,2,0,Duplex,1996.0,10.57,16.0
HOUSE_0573,Abuja,113.08,4,3,2,Flat,2011.0,8.08,21.0
HOUSE_0824,Lagos,112.51,5,4,3,Duplex,2015.0,12.93,8.0
HOUSE_0586,Abuja,150.36,4,2,1,Flat,2022.0,9.41,14.0
HOUSE_0366,Lagos,127.83,3,2,2,Flat,2019.0,3.11,
HOUSE_0812,Enugu,156.77,4,4,1,Bungalow,2002.0,4.66,
HOUSE_0078,Lagos,131.72,4,1,0,Duplex,2004.0,4.43,8.0
HOUSE_0085,Port Harcourt,110.18,3,4,1,Duplex,2001.0,4.23,
HOUSE_0539,Abuja,57.74,2,3,0,Duplex,2020.0,5.86,
HOUSE_0083,Abuja,158.54,1,3,0,Bungalow,1992.0,10.06,17.0
HOUSE_0458,Ibadan,116.19,1,4,1,Duplex,2014.0,9.4,17.0
HOUSE_1138,Ibadan,76.51,2,2,2,Flat,2009.0,2.57,15.0
HOUSE_0615,Enugu,158.56,1,3,1,Duplex,2022.0,19.05,9.0
HOUSE_1186,Abuja,113.76,2,1,3,Bungalow,2019.0,5.26,15.0
HOUSE_1076,Port Harcourt,112.97,1,4,0,Duplex,2004.0,16.31,6.0
HOUSE_0737,Abuja,114.64,4,4,0,Flat,2011.0,8.07,
HOUSE_0437,Port Harcourt,64.83,5,3,1,Duplex,1992.0,4.35,8.0
HOUSE_0555,Lagos,95.05,4,3,2,Flat,,17.57,17.0
HOUSE_1080,Enugu,171.27,3,2,0,Flat,2020.0,10.79,14.0
HOUSE_1062,Abuja,119.23,5,4,3,Bungalow,2018.0,6.69,10.0
HOUSE_0351,Abuja,99.09,5,4,2,Duplex,1996.0,13.25,20.0
HOUSE_0197,Enugu,67.19,5,1,2,Bungalow,1998.0,17.16,18.0
HOUSE_0465,Abuja,182.62,5,3,2,Bungalow,1994.0,7.67,8.0
HOUSE_0589,Port Harcourt,52.28,1,2,0,Flat,2000.0,7.51,10.0
HOUSE_0006,Ibadan,101.46,5,3,0,Bungalow,2019.0,5.67,
HOUSE_0311,Enugu,88.38,4,3,1,Flat,2011.0,10.36,13.0
HOUSE_0662,Abuja,117.18,2,3,3,Flat,1997.0,10.43,13.0
HOUSE_0405,Lagos,170.23,2,1,0,Flat,2005.0,3.53,7.0
HOUSE_1196,Port Harcourt,46.15,3,3,3,Bungalow,2013.0,3.35,7.0
HOUSE_1044,Enugu,99.67,3,4,1,Bungalow,,7.26,15.0
HOUSE_1058,Ibadan,149.63,3,3,2,Duplex,1991.0,5.43,10.0
HOUSE_0105,Ibadan,140.6,4,1,1,Duplex,2002.0,27.26,19.0
HOUSE_0537,Ibadan,123.07,3,4,1,Flat,2016.0,1.59,
HOUSE_0606,Ibadan,70.25,5,1,1,Duplex,1990.0,4.54,8.0
HOUSE_0063,Port Harcourt,143.47,5,1,3,Duplex,2002.0,18.95,18.0
HOUSE_0282,Lagos,154.84,3,3,1,Flat,1998.0,6.37,21.0
HOUSE_1056,Abuja,98.24,5,3,0,Bungalow,2016.0,7.19,9.0
HOUSE_0239,Enugu,143.06,5,3,0,Flat,1995.0,9.56,7.0
HOUSE_0224,Port Harcourt,134.66,3,2,0,Flat,2018.0,3.3,7.0
HOUSE_0146,Enugu,111.68,2,4,3,Duplex,,5.53,19.0
HOUSE_1119,Ibadan,120.57,1,1,1,Flat,2008.0,3.23,11.0
HOUSE_0374,Port Harcourt,127.47,4,2,2,Bungalow,2016.0,4.22,18.0
HOUSE_0119,Port Harcourt,40.0,2,4,1,Duplex,2002.0,8.93,
HOUSE_0803,Enugu,100.69,1,3,2,Flat,2007.0,3.23,14.0
HOUSE_0251,Enugu,157.05,5,2,2,Bungalow,2008.0,17.55,8.0
HOUSE_1157,Port Harcourt,129.2,2,1,3,Bungalow,1992.0,10.49,13.0
HOUSE_0010,Abuja,83.68,5,2,1,Duplex,2014.0,0.94,14.0
HOUSE_0450,Lagos,168.26,3,1,2,Duplex,1996.0,3.92,8.0
HOUSE_0874,Enugu,159.01,2,4,2,Duplex,2018.0,10.51,6.0
HOUSE_0390,Enugu,117.02,5,2,3,Duplex,1993.0,11.1,13.0
HOUSE_0966,Abuja,70.82,3,2,1,Duplex,2010.0,10.48,19.0
HOUSE_0461,Enugu,162.95,2,1,3,Bungalow,2016.0,2.87,
HOUSE_1147,Port Harcourt,123.41,3,1,1,Flat,2001.0,3.96,7.0
HOUSE_0145,Abuja,131.24,1,1,2,Duplex,1997.0,4.89,9.0
HOUSE_0502,Port Harcourt,122.39,5,3,3,Bungalow,1998.0,4.77,16.0
HOUSE_1108,Lagos,101.2,5,2,1,Bungalow,2022.0,9.33,14.0
HOUSE_0540,Port Harcourt,180.03,5,3,3,Flat,,12.25,9.0
HOUSE_0178,Port Harcourt,119.24,1,3,3,Bungalow,2015.0,2.99,19.0
HOUSE_1159,Enugu,153.56,1,3,0,Flat,2022.0,4.91,16.0
HOUSE_1051,Ibadan,135.06,4,1,1,Bungalow,2017.0,3.49,19.0
HOUSE_0584,Port Harcourt,175.37,4,3,0,Bungalow,2006.0,10.82,18.0
HOUSE_1195,Port Harcourt,155.61,1,1,3,Bungalow,2000.0,13.18,12.0
HOUSE_0008,Abuja,51.0,3,1,1,Flat,2014.0,5.19,14.0
HOUSE_0574,Port Harcourt,76.15,3,3,3,Bungalow,1996.0,0.8,11.0
HOUSE_0843,Lagos,72.84,3,3,3,Flat,2005.0,13.94,12.0
HOUSE_0358,Ibadan,118.49,5,4,3,Bungalow,1997.0,13.52,17.0
HOUSE_0330,Abuja,127.92,4,3,2,Flat,1995.0,7.28,6.0
HOUSE_0705,Abuja,107.09,4,1,1,Flat,2013.0,6.75,10.0
HOUSE_0830,Port Harcourt,79.74,4,1,2,Duplex,,13.7,20.0
HOUSE_0259,Enugu,140.04,4,2,1,Flat,1997.0,3.11,12.0
HOUSE_0891,Port Harcourt,63.75,4,4,2,Flat,2017.0,7.58,19.0
HOUSE_0834,Abuja,80.03,1,2,0,Duplex,1996.0,5.48,20.0
HOUSE_1188,Enugu,164.7,4,2,2,Duplex,1995.0,15.24,17.0
HOUSE_0905,Ibadan,56.75,4,4,2,Flat,1996.0,12.48,12.0
HOUSE_0526,Port Harcourt,94.98,5,4,0,Duplex,2018.0,9.98,16.0
HOUSE_0814,Enugu,102.11,1,4,2,Flat,2008.0,14.41,14.0
HOUSE_0732,Abuja,111.64,4,3,0,Bungalow,,3.75,10.0
HOUSE_1032,Lagos,135.62,4,4,0,Flat,1996.0,7.48,
HOUSE_1141,Enugu,50.97,4,4,2,Flat,2010.0,4.61,12.0
HOUSE_0441,Port Harcourt,221.08,5,1,2,Duplex,2010.0,5.35,10.0
HOUSE_0532,Port Harcourt,165.95,1,3,1,Flat,1997.0,0.7,18.0
HOUSE_0960,Abuja,113.27,2,1,1,Flat,2007.0,5.64,20.0
HOUSE_0229,Ibadan,115.72,4,2,0,Flat,1994.0,2.82,20.0
HOUSE_1041,Enugu,120.02,3,4,3,Bungalow,2009.0,11.01,16.0
HOUSE_0213,Ibadan,145.82,1,3,0,Duplex,2005.0,14.84,9.0
HOUSE_0080,Port Harcourt,72.35,1,2,3,Bungalow,2006.0,11.28,17.0
HOUSE_0149,Ibadan,155.98,5,3,0,Duplex,2007.0,9.54,12.0
HOUSE_0592,Port Harcourt,156.73,4,2,1,Duplex,1999.0,0.15,
HOUSE_0708,Enugu,94.26,2,2,2,Bungalow,2020.0,12.64,10.0
HOUSE_0590,Enugu,80.46,1,2,0,Flat,2006.0,2.48,11.0
HOUSE_0134,Ibadan,185.3,2,4,3,Flat,2005.0,0.85,18.0
HOUSE_0782,Lagos,40.0,5,4,0,Bungalow,2019.0,12.42,16.0
HOUSE_0409,Ibadan,130.68,3,1,3,Flat,2013.0,12.45,12.0
HOUSE_0970,Abuja,163.43,4,2,0,Duplex,2002.0,8.49,15.0
HOUSE_0508,Enugu,189.44,5,2,3,Flat,2022.0,8.99,9.0
HOUSE_0877,Ibadan,93.84,2,3,1,Duplex,2013.0,1.15,15.0
HOUSE_0505,Ibadan,161.98,5,1,0,Bungalow,1996.0,5.32,6.0
HOUSE_0719,Abuja,110.05,5,2,1,Duplex,,16.04,10.0
HOUSE_0348,Enugu,143.72,5,2,3,Duplex,2015.0,6.45,20.0
HOUSE_0387,Abuja,145.3,4,4,1,Flat,1996.0,12.86,10.0
HOUSE_0001,Lagos,139.87,1,3,1,Flat,1998.0,7.31,9.0
HOUSE_0361,Port Harcourt,132.31,4,2,3,Duplex,2001.0,0.55,21.0
HOUSE_1134,Ibadan,48.86,4,3,2,Duplex,1991.0,9.6,11.0
HOUSE_0476,Abuja,110.35,2,2,0,Flat,1992.0,9.76,20.0
HOUSE_0778,Ibadan,110.94,5,2,0,Duplex,1996.0,9.84,16.0
HOUSE_0754,Lagos,147.86,3,3,2,Flat,1997.0,12.78,16.0
HOUSE_0173,Abuja,101.16,5,1,2,Duplex,1997.0,9.16,15.0
HOUSE_0451,Abuja,134.75,4,2,0,Bungalow,1995.0,6.03,16.0
HOUSE_0126,Abuja,69.56,1,4,2,Duplex,2015.0,12.59,8.0
HOUSE_0931,Enugu,114.63,3,3,0,Flat,2017.0,12.05,9.0
HOUSE_0531,Ibadan,150.87,5,3,0,Flat,2000.0,6.24,21.0
HOUSE_0091,Lagos,145.03,1,3,1,Duplex,2005.0,3.71,15.0
HOUSE_1162,Lagos,138.31,1,3,0,Bungalow,1998.0,16.37,16.0
HOUSE_0182,Lagos,115.65,5,2,2,Duplex,1999.0,10.01,13.0
HOUSE_1027,Abuja,93.68,2,2,3,Flat,2016.0,6.48,21.0
HOUSE_1000,Port Harcourt,113.48,1,1,1,Flat,2014.0,4.28,18.0
HOUSE_0252,Enugu,64.06,4,3,0,Flat,1996.0,10.81,18.0
HOUSE_0070,Abuja,152.54,2,4,1,Bungalow,2003.0,1.85,8.0
HOUSE_0132,Ibadan,40.0,4,3,0,Duplex,2008.0,2.88,
HOUSE_0301,Abuja,150.28,3,4,1,Bungalow,2020.0,3.39,13.0
HOUSE_1133,Lagos,147.21,4,3,3,Duplex,2019.0,13.96,19.0
HOUSE_0327,Ibadan,109.24,5,4,2,Flat,2007.0,2.47,20.0
HOUSE_1020,Port Harcourt,118.98,4,4,2,Flat,2021.0,0.85,18.0
HOUSE_0500,Lagos,97.15,2,2,2,Duplex,1998.0,10.86,9.0
HOUSE_0666,Lagos,181.23,2,1,1,Bungalow,2017.0,14.09,16.0
HOUSE_0919,Port Harcourt,74.25,1,2,3,Duplex,2008.0,8.54,
HOUSE_0496,Lagos,128.34,4,3,1,Duplex,1993.0,2.21,6.0
HOUSE_0339,Enugu,75.58,2,3,2,Bungalow,2002.0,16.76,21.0
HOUSE_0964,Enugu,40.0,4,3,2,Bungalow,1997.0,6.57,
HOUSE_0165,Port Harcourt,144.96,1,3,2,Duplex,1996.0,11.14,
HOUSE_0029,Lagos,86.43,1,1,3,Bungalow,2011.0,6.45,9.0
HOUSE_0517,Port Harcourt,135.97,4,4,2,Duplex,2020.0,11.24,19.0
HOUSE_0194,Port Harcourt,133.67,3,2,0,Bungalow,2017.0,17.38,
HOUSE_1104,Port Harcourt,179.36,1,3,3,Flat,1996.0,9.78,7.0
HOUSE_0170,Enugu,136.52,2,4,3,Duplex,2011.0,5.18,11.0
HOUSE_1059,Enugu,110.86,4,1,2,Duplex,2003.0,3.03,11.0
HOUSE_0174,Enugu,62.08,4,3,0,Flat,2015.0,0.96,7.0
HOUSE_0519,Port Harcourt,70.97,5,4,1,Bungalow,2014.0,0.68,17.0
HOUSE_0969,Enugu,130.15,5,3,3,Bungalow,1991.0,10.34,7.0
HOUSE_0702,Enugu,167.43,2,2,0,Duplex,2017.0,11.59,16.0
HOUSE_0492,Ibadan,81.32,2,3,3,Duplex,2013.0,7.76,14.0
HOUSE_0074,Lagos,70.52,4,3,3,Bungalow,2000.0,1.4,20.0
HOUSE_0981,Port Harcourt,117.8,1,1,3,Flat,2010.0,9.43,18.0
HOUSE_0588,Ibadan,89.84,1,4,3,Duplex,2003.0,6.6,
HOUSE_0235,Lagos,98.78,4,4,2,Flat,2001.0,5.12,10.0
HOUSE_0215,Abuja,162.34,4,4,1,Flat,1994.0,0.79,20.0
HOUSE_0947,Ibadan,102.54,5,3,3,Bungalow,,7.45,16.0
HOUSE_0133,Lagos,109.9,4,3,2,Bungalow,2017.0,1.76,14.0
HOUSE_1156,Ibadan,107.17,4,2,3,Flat,2001.0,16.98,19.0
HOUSE_0733,Port Harcourt,96.78,1,1,1,Bungalow,,10.94,10.0
HOUSE_0941,Port Harcourt,158.59,5,4,2,Flat,2020.0,16.08,
HOUSE_0186,Lagos,120.98,3,4,3,Flat,1993.0,10.49,17.0
HOUSE_0042,Enugu,179.12,3,1,2,Bungalow,1996.0,5.41,10.0
HOUSE_0109,Ibadan,89.09,5,3,0,Flat,2004.0,6.82,
HOUSE_0849,Enugu,79.99,3,4,1,Bungalow,2010.0,4.61,13.0
HOUSE_0569,Lagos,167.58,3,1,1,Bungalow,2021.0,1.86,16.0
HOUSE_0651,Enugu,93.28,2,3,2,Duplex,,12.96,6.0
HOUSE_1001,Abuja,92.99,1,3,3,Duplex,2009.0,7.28,10.0
HOUSE_1166,Port Harcourt,108.24,3,2,1,Bungalow,1992.0,7.64,
HOUSE_0484,Enugu,92.94,5,4,0,Flat,2022.0,17.0,17.0
HOUSE_0469,Ibadan,79.15,4,3,3,Bungalow,2021.0,11.54,
HOUSE_0025,Lagos,133.74,5,2,1,Flat,1994.0,0.82,7.0
HOUSE_0661,Lagos,122.27,2,1,2,Duplex,1994.0,10.65,
HOUSE_0680,Port Harcourt,60.84,4,3,0,Duplex,2004.0,8.92,8.0
HOUSE_0753,Lagos,113.19,3,3,1,Flat,2002.0,5.73,15.0
HOUSE_0994,Enugu,149.0,2,1,1,Duplex,1994.0,10.58,13.0
HOUSE_0367,Port Harcourt,136.33,5,1,0,Duplex,,0.51,17.0
HOUSE_0840,Port Harcourt,159.93,1,1,0,Flat,1995.0,5.84,
HOUSE_1053,Ibadan,72.42,5,4,3,Duplex,2021.0,16.21,19.0
HOUSE_0384,Abuja,118.6,4,1,1,Duplex,1995.0,16.85,9.0
HOUSE_0455,Enugu,145.82,5,4,1,Flat,2013.0,18.82,6.0
HOUSE_0265,Port Harcourt,130.39,3,3,2,Flat,,3.48,18.0
HOUSE_0761,Port Harcourt,168.84,1,4,1,Duplex,2018.0,10.91,15.0
HOUSE_0980,Ibadan,162.24,3,2,3,Flat,2013.0,9.12,
HOUSE_0445,Enugu,143.63,1,4,1,Duplex,1994.0,13.54,13.0
HOUSE_0396,Abuja,137.18,3,1,2,Flat,2022.0,9.04,12.0
HOUSE_0742,Port Harcourt,189.08,1,1,1,Bungalow,2007.0,6.0,
HOUSE_0177,Abuja,154.31,5,3,0,Duplex,1992.0,7.2,19.0
HOUSE_0019,Enugu,128.35,5,2,1,Duplex,2000.0,1.8,
HOUSE_0949,Enugu,109.65,2,4,1,Bungalow,2019.0,15.99,14.0
HOUSE_0815,Lagos,122.71,1,1,0,Bungalow,2003.0,12.26,9.0
HOUSE_0596,Enugu,124.22,5,1,0,Flat,2020.0,1.33,10.0
HOUSE_0062,Abuja,176.11,3,2,1,Flat,1991.0,0.99,7.0
HOUSE_0273,Port Harcourt,40.0,2,3,0,Flat,2009.0,4.02,
HOUSE_1126,Ibadan,114.9,2,4,1,Bungalow,1995.0,15.56,21.0
HOUSE_0279,Port Harcourt,100.5,2,4,2,Duplex,2009.0,5.84,
HOUSE_0842,Port Harcourt,83.85,2,2,0,Bungalow,2001.0,9.62,21.0
HOUSE_0369,Port Harcourt,130.24,3,3,0,Duplex,1997.0,12.91,13.0
HOUSE_0887,Enugu,95.09,2,2,2,Flat,1991.0,8.97,8.0
HOUSE_1015,Lagos,128.39,2,1,0,Bungalow,2002.0,5.54,6.0
HOUSE_0860,Lagos,148.38,4,4,1,Flat,1990.0,5.82,19.0
HOUSE_0721,Ibadan,146.52,2,1,2,Duplex,2016.0,13.87,15.0
HOUSE_0826,Ibadan,143.19,4,1,0,Duplex,,9.63,16.0
HOUSE_0548,Ibadan,149.31,2,2,2,Flat,2011.0,7.6,20.0
HOUSE_0880,Lagos,184.49,1,3,1,Duplex,2006.0,14.57,17.0
HOUSE_0900,Enugu,163.04,1,3,1,Bungalow,1993.0,8.11,10.0
HOUSE_0457,Ibadan,129.98,1,4,0,Duplex,2015.0,15.89,21.0
HOUSE_0394,Abuja,153.36,1,1,3,Bungalow,2008.0,10.3,
HOUSE_0676,Abuja,73.2,1,3,1,Duplex,1994.0,1.01,
HOUSE_0912,Lagos,111.01,4,1,2,Flat,1994.0,4.75,15.0
HOUSE_0965,Port Harcourt,164.04,4,1,3,Duplex,2009.0,17.79,8.0
HOUSE_0376,Ibadan,83.07,5,1,0,Bungalow,2019.0,1.24,17.0
HOUSE_0413,Abuja,102.18,5,2,3,Duplex,1993.0,15.27,10.0
HOUSE_0075,Enugu,140.88,5,1,3,Bungalow,1991.0,9.48,8.0
HOUSE_1122,Ibadan,199.06,4,2,2,Duplex,2000.0,0.18,
HOUSE_0863,Port Harcourt,82.58,2,3,3,Bungalow,1990.0,13.43,8.0
HOUSE_0501,Enugu,175.97,5,3,1,Flat,1992.0,12.62,15.0
HOUSE_0942,Ibadan,70.63,4,4,2,Bungalow,1996.0,5.04,21.0
HOUSE_0617,Enugu,116.47,3,4,3,Bungalow,2020.0,20.9,13.0
HOUSE_0115,Ibadan,91.39,5,4,3,Flat,2003.0,11.4,14.0
HOUSE_0418,Abuja,118.61,5,1,1,Flat,2000.0,9.17,20.0
HOUSE_0602,Enugu,124.89,3,3,3,Bungalow,2013.0,10.72,14.0
HOUSE_0605,Lagos,63.9,2,4,1,Flat,2003.0,16.75,
HOUSE_0090,Port Harcourt,109.41,4,2,3,Bungalow,2021.0,21.6,20.0
HOUSE_1149,Abuja,136.74,2,3,0,Duplex,1993.0,15.01,17.0
HOUSE_0499,Enugu,191.91,2,3,0,Duplex,,11.2,12.0
HOUSE_0876,Ibadan,40.0,3,4,3,Duplex,2009.0,11.39,
HOUSE_0927,Enugu,72.25,3,2,3,Flat,1997.0,12.6,14.0
HOUSE_0999,Lagos,118.94,1,4,0,Duplex,2006.0,3.59,11.0
HOUSE_0012,Ibadan,122.7,1,2,2,Flat,2021.0,0.88,18.0
HOUSE_0397,Abuja,130.86,5,3,3,Bungalow,1994.0,1.62,15.0
HOUSE_0755,Port Harcourt,123.54,5,1,1,Flat,2011.0,15.39,16.0
HOUSE_0556,Enugu,112.37,4,4,0,Duplex,2002.0,9.09,16.0
HOUSE_0043,Lagos,87.66,1,2,2,Duplex,2003.0,5.49,16.0
HOUSE_0168,Abuja,159.0,3,3,2,Duplex,1990.0,7.26,11.0
HOUSE_0417,Port Harcourt,79.83,3,3,3,Duplex,2004.0,4.16,8.0
HOUSE_0577,Lagos,94.44,5,3,3,Bungalow,1999.0,1.38,17.0
HOUSE_0268,Ibadan,93.93,2,1,1,Flat,1993.0,8.24,
HOUSE_0808,Abuja,112.78,4,4,3,Duplex,2020.0,23.97,
HOUSE_0427,Enugu,94.5,4,4,3,Flat,2014.0,13.95,19.0
HOUSE_0691,Ibadan,147.12,5,2,0,Flat,2019.0,5.56,17.0
HOUSE_0545,Lagos,109.64,3,2,3,Flat,2013.0,7.02,
HOUSE_1123,Enugu,184.69,4,1,0,Flat,1998.0,8.52,12.0
HOUSE_0675,Ibadan,65.32,5,3,3,Flat,2022.0,6.88,18.0
HOUSE_0690,Ibadan,95.78,1,3,1,Flat,2010.0,17.13,6.0
HOUSE_1055,Port Harcourt,106.86,2,1,1,Duplex,2020.0,11.02,7.0
HOUSE_1177,Ibadan,147.34,4,1,2,Flat,2018.0,1.17,18.0
HOUSE_1033,Enugu,130.61,1,2,0,Flat,2013.0,5.09,11.0
HOUSE_1035,Abuja,176.91,1,2,3,Duplex,1990.0,12.63,13.0
HOUSE_0258,Port Harcourt,96.93,3,2,0,Bungalow,2020.0,11.78,11.0
HOUSE_0336,Ibadan,169.84,4,3,3,Flat,2013.0,2.37,14.0
HOUSE_0016,Lagos,95.93,4,4,3,Bungalow,2006.0,17.26,
HOUSE_0902,Ibadan,91.66,1,3,2,Bungalow,1994.0,0.43,
HOUSE_0325,Ibadan,110.76,2,2,3,Bungalow,,11.48,16.0
HOUSE_0608,Lagos,108.2,5,1,3,Duplex,,14.24,15.0
HOUSE_1054,Port Harcourt,83.98,4,2,1,Bungalow,1998.0,11.19,21.0
HOUSE_0791,Abuja,128.02,2,4,1,Flat,2014.0,13.74,17.0
HOUSE_0223,Ibadan,67.82,5,4,2,Bungalow,1993.0,11.35,8.0
HOUSE_0180,Port Harcourt,132.91,1,2,3,Bungalow,2015.0,3.86,
HOUSE_0100,Enugu,122.33,3,1,1,Flat,2016.0,2.29,13.0
HOUSE_0522,Enugu,163.15,2,3,0,Duplex,2005.0,7.81,21.0
HOUSE_0023,Ibadan,60.86,5,4,1,Bungalow,2002.0,4.4,15.0
HOUSE_0357,Ibadan,98.2,3,2,3,Flat,2006.0,10.0,21.0
HOUSE_0734,Port Harcourt,186.8,3,4,0,Flat,2019.0,9.97,
HOUSE_1094,Ibadan,63.04,5,2,2,Flat,1991.0,6.67,
HOUSE_1112,Abuja,149.77,1,2,0,Duplex,2012.0,7.09,12.0
HOUSE_0612,Lagos,145.35,3,4,2,Bungalow,2015.0,10.07,18.0
HOUSE_1010,Abuja,145.42,4,1,0,Duplex,2009.0,1.8,16.0
HOUSE_0341,Abuja,148.87,3,4,2,Duplex,2013.0,2.35,9.0
HOUSE_0432,Port Harcourt,181.9,3,3,3,Duplex,2001.0,16.98,6.0
HOUSE_0962,Enugu,77.09,4,4,1,Duplex,1999.0,9.2,17.0
HOUSE_0218,Lagos,180.09,3,3,0,Duplex,2017.0,8.37,18.0
HOUSE_0204,Lagos,77.3,4,1,3,Bungalow,2013.0,7.29,13.0
HOUSE_0906,Enugu,100.68,2,2,0,Duplex,2019.0,8.73,8.0
HOUSE_0923,Lagos,126.39,4,4,0,Flat,1999.0,2.86,18.0
HOUSE_0094,Lagos,138.93,5,2,1,Flat,2020.0,7.64,14.0
HOUSE_0911,Port Harcourt,114.75,4,1,1,Flat,1992.0,8.38,
HOUSE_0069,Ibadan,88.67,2,3,2,Duplex,,6.39,8.0
HOUSE_0895,Enugu,132.77,4,1,2,Bungalow,2009.0,14.7,21.0
HOUSE_0285,Lagos,45.17,1,2,1,Flat,2010.0,6.24,
HOUSE_0697,Enugu,200.54,5,2,2,Bungalow,2004.0,8.68,10.0
HOUSE_0086,Ibadan,84.42,5,4,3,Duplex,2007.0,3.92,16.0
HOUSE_0435,Lagos,146.34,2,4,2,Flat,2001.0,18.05,13.0
HOUSE_0797,Enugu,137.46,4,3,0,Bungalow,2020.0,12.52,8.0
HOUSE_0154,Ibadan,171.11,1,2,2,Flat,1998.0,5.04,19.0
HOUSE_0076,Port Harcourt,130.02,2,4,1,Flat,2006.0,9.73,18.0
HOUSE_1043,Enugu,97.98,4,3,3,Flat,2009.0,1.9,8.0
HOUSE_0581,Abuja,40.0,4,2,0,Duplex,2013.0,19.45,13.0
HOUSE_0447,Abuja,162.67,1,3,2,Flat,1990.0,13.85,7.0
HOUSE_0704,Ibadan,63.13,3,1,2,Flat,2012.0,15.51,20.0
HOUSE_0189,Lagos,154.89,3,1,1,Flat,2005.0,8.92,20.0
HOUSE_0272,Enugu,141.19,2,1,1,Duplex,2001.0,15.21,7.0
HOUSE_0237,Abuja,59.39,3,3,0,Duplex,2002.0,14.83,
HOUSE_0488,Lagos,102.15,4,3,2,Duplex,2015.0,1.45,18.0
HOUSE_1160,Port Harcourt,97.67,2,3,1,Bungalow,1992.0,2.5,20.0
HOUSE_0560,Abuja,128.04,3,1,1,Duplex,2016.0,13.25,18.0
HOUSE_0118,Lagos,205.76,2,4,2,Bungalow,2007.0,11.17,19.0
HOUSE_0638,Enugu,168.52,5,2,2,Duplex,2010.0,8.71,
HOUSE_1128,Enugu,69.9,4,2,2,Bungalow,2013.0,9.82,
HOUSE_0751,Port Harcourt,151.13,4,2,1,Bungalow,2008.0,5.24,12.0
HOUSE_0513,Lagos,189.1,3,2,3,Duplex,2006.0,10.18,20.0
HOUSE_0634,Enugu,115.55,5,3,3,Duplex,2006.0,3.48,
HOUSE_0786,Ibadan,151.77,4,4,1,Flat,2010.0,1.73,15.0
HOUSE_1007,Port Harcourt,89.23,3,1,0,Flat,2022.0,3.3,9.0
HOUSE_0853,Abuja,136.39,3,3,1,Duplex,1998.0,6.79,7.0
HOUSE_0127,Enugu,204.89,4,3,3,Bungalow,1992.0,13.16,8.0
HOUSE_0117,Abuja,121.82,3,1,3,Flat,2004.0,4.74,9.0
HOUSE_0474,Port Harcourt,58.98,2,4,3,Bungalow,2013.0,4.54,7.0
HOUSE_0741,Lagos,148.9,5,4,1,Flat,2020.0,6.14,20.0
HOUSE_0993,Lagos,158.13,2,3,1,Flat,2022.0,10.57,14.0
HOUSE_0058,Ibadan,112.31,5,2,1,Duplex,2014.0,9.51,11.0
HOUSE_0604,Port Harcourt,91.92,3,3,2,Bungalow,2015.0,4.69,10.0
HOUSE_0787,Ibadan,131.74,4,3,0,Bungalow,1990.0,1.22,
HOUSE_0971,Enugu,132.32,1,1,1,Flat,,6.04,10.0
HOUSE_0657,Port Harcourt,175.61,3,4,1,Duplex,1991.0,10.79,10.0
HOUSE_0903,Abuja,47.87,1,2,2,Duplex,2009.0,0.08,14.0
HOUSE_0922,Abuja,98.05,1,4,2,Flat,1990.0,8.46,21.0
HOUSE_0106,Enugu,142.84,2,2,2,Flat,1994.0,13.68,7.0
HOUSE_0636,Lagos,163.65,4,3,2,Duplex,2013.0,11.05,
HOUSE_0370,Enugu,186.62,3,4,1,Bungalow,1998.0,13.07,12.0
HOUSE_0269,Abuja,85.58,1,1,3,Duplex,2020.0,6.08,9.0
HOUSE_0656,Abuja,119.0,1,2,1,Duplex,1997.0,12.09,20.0
HOUSE_0047,Lagos,91.92,3,2,3,Flat,1992.0,6.36,15.0
HOUSE_0350,Port Harcourt,156.96,1,1,1,Duplex,2009.0,7.08,16.0
HOUSE_0774,Enugu,80.06,1,4,1,Flat,2019.0,9.51,9.0
HOUSE_0196,Abuja,84.06,2,2,0,Duplex,1996.0,10.46,
HOUSE_0103,Lagos,64.89,2,2,1,Bungalow,1994.0,3.31,11.0
HOUSE_0005,Abuja,101.22,2,3,0,Flat,2014.0,10.71,9.0
HOUSE_0620,Lagos,142.76,3,2,2,Flat,2015.0,16.14,16.0
HOUSE_0991,Port Harcourt,81.13,4,1,3,Flat,2018.0,1.1,17.0
HOUSE_0053,Ibadan,113.55,3,4,2,Flat,1997.0,10.02,14.0
HOUSE_0264,Ibadan,54.9,2,3,2,Bungalow,2003.0,8.24,21.0
HOUSE_1093,Enugu,40.0,5,2,0,Bungalow,1998.0,15.67,8.0
HOUSE_0444,Lagos,143.36,5,4,0,Flat,2010.0,6.2,13.0
HOUSE_0972,Port Harcourt,130.77,3,4,3,Bungalow,1998.0,6.28,14.0
HOUSE_0783,Lagos,149.47,4,2,2,Duplex,1994.0,6.59,9.0
HOUSE_0847,Enugu,154.85,4,1,0,Bungalow,1993.0,1.27,
HOUSE_0692,Abuja,206.29,3,3,1,Flat,2006.0,4.97,15.0
HOUSE_0305,Port Harcourt,48.85,5,1,0,Flat,2003.0,15.48,21.0
HOUSE_0342,Abuja,99.02,5,2,0,Bungalow,2019.0,10.45,12.0
HOUSE_0867,Enugu,119.22,1,2,1,Duplex,2005.0,6.48,
HOUSE_0314,Enugu,80.42,1,1,0,Bungalow,1993.0,7.37,6.0
HOUSE_0150,Port Harcourt,152.51,1,2,0,Flat,2011.0,11.15,13.0
HOUSE_0125,Lagos,190.62,5,4,0,Bungalow,1999.0,10.02,19.0
HOUSE_1063,Ibadan,120.9,1,4,3,Flat,2015.0,10.74,16.0
HOUSE_0575,Enugu,183.78,1,3,1,Bungalow,2002.0,3.77,14.0
HOUSE_0698,Port Harcourt,105.39,4,1,1,Duplex,2008.0,8.92,18.0
HOUSE_0665,Enugu,71.61,5,1,2,Duplex,2009.0,11.0,12.0
HOUSE_0051,Lagos,63.39,4,2,1,Duplex,2012.0,5.9,15.0
HOUSE_0727,Abuja,129.63,2,1,1,Duplex,2021.0,21.01,16.0
HOUSE_0800,Port Harcourt,120.83,5,4,2,Duplex,2012.0,4.36,15.0
HOUSE_0354,Port Harcourt,68.78,4,2,3,Bungalow,2001.0,16.77,11.0
HOUSE_1153,Enugu,199.83,4,3,1,Flat,1999.0,23.55,20.0
HOUSE_0143,Port Harcourt,205.32,3,1,1,Duplex,1991.0,1.76,
HOUSE_0471,Port Harcourt,68.79,3,2,0,Bungalow,2020.0,12.36,14.0
HOUSE_0654,Abuja,121.13,4,4,1,Duplex,1995.0,7.95,19.0
HOUSE_0400,Abuja,121.13,1,2,3,Duplex,,8.15,
HOUSE_1154,Port Harcourt,144.27,5,2,2,Bungalow,2021.0,7.08,20.0
HOUSE_0938,Lagos,172.41,4,3,2,Duplex,2012.0,14.98,7.0
HOUSE_0321,Port Harcourt,106.57,4,4,3,Flat,1990.0,16.35,11.0
HOUSE_0020,Enugu,66.87,1,3,3,Flat,1997.0,8.98,17.0
HOUSE_0685,Enugu,102.27,3,4,3,Flat,2000.0,3.58,11.0
HOUSE_0036,Abuja,134.46,1,1,1,Flat,1994.0,15.69,13.0
HOUSE_0825,Abuja,167.5,1,4,3,Flat,,20.95,17.0
HOUSE_0506,Lagos,172.7,4,4,3,Flat,2006.0,8.99,21.0
HOUSE_0828,Abuja,133.54,3,4,0,Bungalow,2012.0,6.52,21.0
HOUSE_1071,Abuja,126.59,3,1,1,Duplex,2016.0,8.25,11.0
HOUSE_0408,Lagos,161.27,2,2,0,Duplex,1994.0,0.57,20.0
HOUSE_0818,Port Harcourt,106.61,3,3,1,Flat,2007.0,5.98,7.0
HOUSE_0538,Enugu,159.85,3,2,1,Flat,2008.0,5.53,17.0
HOUSE_0759,Abuja,180.54,3,1,2,Duplex,,11.15,11.0
HOUSE_1069,Ibadan,124.07,4,2,3,Flat,,15.75,16.0
HOUSE_0893,Ibadan,123.3,1,4,0,Flat,2016.0,0.71,14.0
HOUSE_0039,Port Harcourt,123.48,2,3,3,Duplex,1994.0,6.5,6.0
HOUSE_0176,Lagos,132.44,4,4,1,Flat,2014.0,15.38,
HOUSE_0246,Port Harcourt,119.68,2,2,2,Bungalow,2010.0,15.4,12.0
HOUSE_0811,Ibadan,124.53,4,3,2,Duplex,2007.0,0.81,9.0
HOUSE_1085,Port Harcourt,110.64,5,3,0,Bungalow,1998.0,10.33,6.0
HOUSE_1078,Port Harcourt,69.59,4,1,1,Flat,2013.0,4.92,
HOUSE_0785,Abuja,57.5,5,1,1,Bungalow,1999.0,5.35,20.0
HOUSE_1185,Lagos,75.34,2,2,1,Flat,2001.0,14.18,
HOUSE_0490,Port Harcourt,56.64,3,3,1,Bungalow,2001.0,11.8,15.0
HOUSE_0155,Lagos,141.88,1,4,3,Duplex,2022.0,6.99,
HOUSE_0639,Port Harcourt,212.77,1,4,2,Duplex,1999.0,9.97,11.0
HOUSE_0663,Port Harcourt,122.58,2,1,1,Duplex,1996.0,1.88,
HOUSE_0854,Enugu,146.9,1,3,1,Flat,2019.0,17.5,20.0
HOUSE_0288,Ibadan,153.18,1,4,2,Flat,2003.0,3.06,
HOUSE_0626,Enugu,133.24,2,1,3,Duplex,,12.17,7.0
HOUSE_1200,Enugu,128.29,1,2,3,Flat,2017.0,8.35,14.0
HOUSE_0686,Port Harcourt,113.08,5,3,1,Bungalow,2018.0,16.56,17.0
HOUSE_0873,Abuja,82.91,4,2,1,Bungalow,1991.0,9.19,15.0
HOUSE_0570,Abuja,143.9,2,1,2,Bungalow,1994.0,11.51,12.0
HOUSE_1144,Port Harcourt,151.34,4,4,2,Duplex,1991.0,6.74,
HOUSE_0735,Abuja,72.16,4,1,2,Duplex,2000.0,10.22,9.0
HOUSE_0793,Port Harcourt,137.15,4,2,0,Flat,2016.0,11.47,20.0
HOUSE_0018,Port Harcourt,152.9,1,3,1,Bungalow,1996.0,1.9,15.0
HOUSE_0128,Ibadan,59.23,2,1,3,Flat,1996.0,5.58,20.0
HOUSE_0323,Enugu,110.17,4,3,0,Flat,2007.0,6.64,
HOUSE_0256,Enugu,130.82,3,3,3,Bungalow,2009.0,7.75,21.0
HOUSE_0944,Abuja,87.62,4,1,1,Duplex,2006.0,10.12,7.0
HOUSE_1180,Abuja,48.95,2,4,1,Bungalow,1992.0,10.04,13.0
HOUSE_0191,Ibadan,86.41,5,1,2,Flat,2011.0,5.0,9.0
HOUSE_0116,Abuja,90.79,3,4,3,Flat,1991.0,9.08,13.0
HOUSE_1174,Abuja,100.85,1,3,2,Flat,1994.0,3.69,12.0
HOUSE_0889,Ibadan,95.53,4,2,3,Duplex,2014.0,7.81,17.0
HOUSE_0607,Abuja,91.26,4,4,0,Flat,2006.0,12.47,13.0
HOUSE_0181,Port Harcourt,140.77,3,3,1,Duplex,2000.0,15.66,8.0
HOUSE_0302,Ibadan,154.78,2,4,0,Bungalow,2016.0,14.78,19.0
HOUSE_0497,Ibadan,110.11,2,2,1,Duplex,1995.0,4.59,10.0
HOUSE_0349,Enugu,133.05,5,2,2,Flat,2020.0,1.74,9.0
HOUSE_1036,Port Harcourt,158.62,3,3,1,Flat,2007.0,14.18,17.0
HOUSE_0983,Lagos,142.22,3,2,3,Duplex,1992.0,8.45,6.0
HOUSE_0745,Abuja,58.97,2,3,1,Duplex,2013.0,14.31,7.0
HOUSE_1152,Ibadan,104.64,4,4,1,Bungalow,2009.0,9.25,
HOUSE_0518,Abuja,100.67,1,2,0,Flat,1996.0,15.87,19.0
HOUSE_0373,Abuja,140.71,2,2,1,Bungalow,2010.0,4.37,13.0
HOUSE_0046,Port Harcourt,123.88,5,4,0,Flat,1994.0,12.84,10.0
HOUSE_0477,Ibadan,69.94,2,3,2,Duplex,2022.0,15.22,18.0
HOUSE_0158,Port Harcourt,172.22,1,1,2,Bungalow,1999.0,8.11,8.0
HOUSE_1047,Lagos,144.89,3,3,2,Flat,1993.0,2.31,9.0
HOUSE_0172,Lagos,129.8,3,4,3,Duplex,2018.0,5.47,19.0
HOUSE_0017,Lagos,119.46,5,3,2,Flat,2008.0,2.71,19.0
HOUSE_0512,Lagos,119.03,1,4,1,Flat,2022.0,18.71,8.0
HOUSE_0049,Enugu,131.84,4,2,1,Flat,2001.0,9.31,19.0
HOUSE_0192,Port Harcourt,40.0,3,3,1,Duplex,1995.0,5.37,
HOUSE_0547,Abuja,149.11,5,1,3,Flat,2017.0,8.26,14.0
HOUSE_0516,Port Harcourt,109.7,5,3,0,Duplex,2011.0,0.34,11.0
HOUSE_0978,Ibadan,96.17,3,4,3,Flat,2017.0,14.87,12.0
HOUSE_0939,Abuja,97.51,2,2,2,Bungalow,1995.0,6.95,8.0
HOUSE_0829,Port Harcourt,126.74,2,2,0,Flat,1991.0,14.59,
HOUSE_0984,Enugu,112.11,5,4,2,Duplex,2013.0,7.24,10.0
HOUSE_0481,Abuja,145.71,2,3,3,Bungalow,1991.0,14.65,6.0
HOUSE_1129,Port Harcourt,155.48,4,4,2,Bungalow,2015.0,5.9,
HOUSE_0284,Abuja,40.0,2,1,3,Bungalow,2013.0,2.96,8.0
HOUSE_1030,Abuja,130.5,1,2,3,Duplex,2011.0,8.97,17.0
HOUSE_0798,Enugu,40.0,3,4,0,Bungalow,1995.0,2.95,13.0
HOUSE_0940,Lagos,52.66,3,2,0,Bungalow,2010.0,3.97,7.0
HOUSE_0226,Port Harcourt,117.49,3,3,3,Flat,1998.0,12.78,
HOUSE_0027,Port Harcourt,92.92,2,2,3,Flat,2020.0,11.06,19.0
HOUSE_0283,Port Harcourt,168.05,5,3,3,Bungalow,2020.0,5.96,
HOUSE_1150,Lagos,146.02,2,3,3,Duplex,2000.0,0.48,9.0
HOUSE_0438,Abuja,118.67,5,2,0,Bungalow,2020.0,16.97,6.0
HOUSE_1168,Enugu,155.62,1,1,3,Flat,2005.0,10.88,17.0
HOUSE_0365,Port Harcourt,98.41,4,2,0,Bungalow,1991.0,4.11,13.0
HOUSE_0230,Port Harcourt,97.85,1,3,2,Bungalow,1994.0,2.01,
HOUSE_0038,Enugu,40.0,5,3,2,Flat,2010.0,12.11,13.0
HOUSE_0670,Enugu,104.47,1,2,3,Flat,2010.0,8.85,
HOUSE_0750,Enugu,160.96,5,3,1,Bungalow,2021.0,10.96,
HOUSE_1181,Enugu,78.83,4,3,1,Duplex,2010.0,1.24,7.0
HOUSE_0375,Lagos,95.54,1,4,2,Bungalow,2013.0,0.97,20.0
HOUSE_0470,Port Harcourt,129.75,1,2,2,Duplex,1999.0,5.18,18.0
HOUSE_0883,Abuja,110.16,4,3,1,Flat,,3.78,
HOUSE_1182,Port Harcourt,59.11,3,1,1,Bungalow,2011.0,13.56,16.0
HOUSE_0688,Abuja,178.85,5,2,3,Bungalow,2006.0,6.95,17.0
HOUSE_0033,Abuja,152.5,4,1,3,Duplex,2019.0,14.78,15.0
HOUSE_1011,Port Harcourt,122.4,4,3,2,Flat,2003.0,9.39,11.0
HOUSE_1176,Ibadan,162.4,1,3,3,Bungalow,1998.0,11.09,16.0
HOUSE_0195,Lagos,158.02,3,3,1,Flat,2011.0,5.12,21.0
HOUSE_1106,Enugu,69.98,1,4,3,Duplex,2017.0,11.02,9.0
HOUSE_1114,Ibadan,176.78,5,3,2,Duplex,2011.0,5.0,11.0
HOUSE_1064,Lagos,72.77,4,3,0,Flat,1991.0,13.57,
HOUSE_0504,Abuja,155.81,2,1,1,Flat,2013.0,11.18,7.0
HOUSE_0916,Abuja,148.33,3,2,0,Bungalow,1996.0,9.17,12.0
HOUSE_0977,Port Harcourt,83.77,4,1,1,Bungalow,2003.0,4.73,12.0
HOUSE_1183,Abuja,94.83,5,1,1,Bungalow,2004.0,15.67,18.0
HOUSE_1088,Port Harcourt,86.59,5,3,3,Flat,1990.0,18.45,9.0
HOUSE_0801,Abuja,112.68,1,3,2,Flat,2020.0,14.87,
HOUSE_0580,Port Harcourt,159.27,2,2,1,Bungalow,2020.0,6.38,17.0
HOUSE_0161,Abuja,123.88,4,4,1,Duplex,2011.0,10.98,20.0
HOUSE_0681,Abuja,119.39,4,1,3,Bungalow,1993.0,10.9,17.0
HOUSE_1198,Lagos,116.66,2,3,3,Bungalow,1999.0,0.75,14.0
HOUSE_0163,Port Harcourt,79.76,1,1,0,Flat,2017.0,1.93,9.0
HOUSE_0822,Lagos,116.81,1,3,3,Flat,2021.0,10.26,10.0
HOUSE_0706,Lagos,173.13,1,1,1,Bungalow,1999.0,10.78,15.0
HOUSE_1009,Enugu,109.42,1,1,0,Bungalow,2019.0,2.02,11.0
HOUSE_0878,Lagos,140.45,2,3,2,Duplex,2000.0,14.87,11.0
HOUSE_0896,Port Harcourt,44.99,2,1,0,Flat,2006.0,8.58,15.0
HOUSE_0914,Ibadan,76.38,1,1,1,Bungalow,2007.0,15.05,
HOUSE_1199,Enugu,83.13,5,2,0,Flat,1995.0,2.98,18.0
HOUSE_0153,Abuja,119.16,1,1,1,Flat,2012.0,8.59,13.0
HOUSE_0979,Abuja,40.0,3,2,3,Flat,2016.0,23.69,10.0
HOUSE_1003,Enugu,44.26,5,4,0,Duplex,2013.0,9.07,11.0
HOUSE_0510,Enugu,107.19,2,3,3,Duplex,2000.0,10.12,7.0
HOUSE_0112,Ibadan,147.45,3,1,1,Duplex,2016.0,0.06,21.0
HOUSE_0227,Port Harcourt,80.57,3,3,1,Flat,1991.0,10.52,11.0
HOUSE_0986,Port Harcourt,143.74,2,1,2,Bungalow,,6.7,19.0
HOUSE_0852,Enugu,145.39,4,2,3,Duplex,1998.0,13.55,20.0
HOUSE_0104,Port Harcourt,140.6,4,4,2,Flat,2004.0,10.57,15.0
HOUSE_0422,Ibadan,75.09,3,2,0,Duplex,2018.0,9.91,
HOUSE_0420,Ibadan,159.37,1,1,1,Bungalow,2009.0,6.93,7.0
HOUSE_0625,Enugu,129.35,3,4,1,Bungalow,2007.0,0.22,18.0
HOUSE_0587,Abuja,124.17,2,2,2,Bungalow,1997.0,7.69,13.0
HOUSE_1061,Enugu,216.5,3,4,2,Duplex,2020.0,11.92,10.0
HOUSE_0920,Lagos,118.67,1,3,3,Flat,2014.0,6.96,15.0
HOUSE_0673,Enugu,157.98,4,2,1,Bungalow,2012.0,0.58,16.0
HOUSE_0120,Abuja,93.53,1,3,3,Duplex,2022.0,12.26,14.0
HOUSE_0054,Enugu,195.45,3,1,0,Bungalow,2017.0,8.87,17.0
HOUSE_0152,Abuja,149.89,5,1,2,Flat,1998.0,11.05,
HOUSE_0404,Enugu,128.89,2,3,1,Duplex,1996.0,5.61,
HOUSE_1189,Port Harcourt,105.61,2,4,3,Duplex,2022.0,1.37,19.0
HOUSE_0208,Enugu,133.29,5,4,0,Duplex,2005.0,4.26,15.0
HOUSE_1135,Abuja,99.83,3,1,2,Flat,2008.0,7.59,
HOUSE_0659,Port Harcourt,77.4,1,2,0,Flat,1990.0,6.47,21.0
HOUSE_1097,Lagos,200.97,2,1,2,Duplex,,1.18,20.0
HOUSE_0233,Ibadan,115.51,4,2,0,Flat,2009.0,6.9,18.0
HOUSE_0009,Ibadan,79.49,2,3,2,Flat,2007.0,9.57,8.0
HOUSE_0160,Enugu,132.97,5,4,0,Bungalow,1997.0,7.35,
HOUSE_0037,Lagos,118.57,5,2,0,Bungalow,1995.0,15.82,19.0
HOUSE_0453,Lagos,127.64,1,3,1,Flat,2016.0,8.23,
HOUSE_0652,Port Harcourt,113.0,4,3,0,Duplex,2008.0,4.22,13.0
HOUSE_0254,Lagos,96.3,1,1,1,Bungalow,2011.0,3.68,21.0
HOUSE_0304,Lagos,89.05,4,3,0,Bungalow,2002.0,1.78,7.0
HOUSE_0897,Port Harcourt,113.59,1,3,3,Flat,2021.0,11.36,13.0
HOUSE_1049,Enugu,146.82,5,2,2,Duplex,2008.0,2.64,
HOUSE_0881,Abuja,185.6,5,1,2,Duplex,1999.0,11.71,17.0
HOUSE_0572,Ibadan,114.0,3,4,1,Flat,2010.0,8.63,13.0
HOUSE_0624,Port Harcourt,121.36,5,1,0,Duplex,2013.0,4.15,16.0
HOUSE_1145,Lagos,96.1,2,2,2,Bungalow,2015.0,15.11,18.0
HOUSE_1031,Lagos,154.04,5,3,1,Bungalow,2022.0,7.31,9.0
HOUSE_1146,Port Harcourt,189.56,1,4,1,Duplex,1996.0,12.89,16.0
HOUSE_0263,Enugu,89.47,3,3,3,Flat,2005.0,1.02,14.0
HOUSE_0611,Abuja,72.5,5,2,0,Duplex,2005.0,9.55,6.0
HOUSE_0298,Enugu,161.5,3,3,1,Duplex,1999.0,5.45,
HOUSE_0990,Abuja,89.08,1,2,1,Flat,2020.0,10.04,14.0
HOUSE_0415,Lagos,103.19,5,1,1,Bungalow,2015.0,6.59,8.0
HOUSE_0151,Enugu,86.84,2,1,1,Bungalow,2003.0,5.2,13.0
HOUSE_0946,Ibadan,141.85,1,4,3,Flat,2012.0,8.03,8.0
HOUSE_0473,Abuja,193.87,3,4,2,Duplex,2016.0,2.65,8.0
HOUSE_0953,Enugu,115.71,2,4,1,Flat,1999.0,10.24,12.0
HOUSE_0988,Ibadan,119.25,4,3,2,Bungalow,2006.0,6.06,
HOUSE_0779,Lagos,156.54,3,4,3,Bungalow,2016.0,3.98,13.0
HOUSE_0641,Ibadan,125.34,3,3,2,Bungalow,2015.0,7.24,14.0
HOUSE_1190,Abuja,103.46,4,1,3,Duplex,1995.0,9.3,15.0
HOUSE_1143,Enugu,101.42,2,3,0,Duplex,2012.0,10.31,16.0
HOUSE_0551,Abuja,159.92,5,1,1,Duplex,,6.48,
HOUSE_0640,Ibadan,127.68,4,4,0,Flat,2000.0,6.45,16.0
HOUSE_0936,Port Harcourt,75.77,5,3,2,Duplex,1993.0,6.93,6.0
HOUSE_0929,Lagos,175.7,2,4,2,Flat,2009.0,6.75,9.0
HOUSE_0489,Lagos,101.91,5,2,2,Bungalow,2004.0,4.12,
HOUSE_0820,Port Harcourt,202.5,2,4,1,Bungalow,2021.0,2.66,9.0
HOUSE_0711,Ibadan,141.53,3,1,0,Duplex,2014.0,13.36,13.0
HOUSE_1081,Ibadan,75.54,4,3,1,Bungalow,2022.0,9.23,15.0
HOUSE_0148,Ibadan,134.28,2,4,3,Flat,2013.0,4.54,9.0
HOUSE_0147,Abuja,96.43,4,1,3,Bungalow,2016.0,12.25,14.0
HOUSE_1175,Ibadan,147.74,5,4,0,Bungalow,,6.04,
HOUSE_0963,Ibadan,202.96,3,1,0,Bungalow,1993.0,3.4,13.0
HOUSE_0346,Abuja,105.56,3,2,0,Bungalow,2015.0,13.8,16.0
HOUSE_0403,Enugu,102.62,1,4,3,Bungalow,2013.0,6.45,7.0
HOUSE_0932,Port Harcourt,151.74,3,4,3,Duplex,1992.0,0.74,7.0
HOUSE_0955,Lagos,72.24,2,2,2,Flat,1991.0,8.71,14.0
HOUSE_1125,Enugu,112.44,5,2,2,Flat,2010.0,12.61,13.0
HOUSE_0660,Ibadan,95.62,4,3,3,Duplex,2019.0,7.07,7.0
HOUSE_0464,Abuja,97.64,2,1,3,Flat,2017.0,9.89,12.0
HOUSE_0187,Ibadan,178.05,1,1,3,Duplex,1992.0,12.8,20.0
HOUSE_0609,Enugu,93.06,1,2,3,Duplex,1990.0,9.39,12.0
HOUSE_0144,Enugu,113.93,2,1,3,Bungalow,2009.0,10.94,19.0
HOUSE_0752,Lagos,87.27,1,4,0,Bungalow,2003.0,7.98,19.0
HOUSE_0982,Abuja,140.84,4,4,2,Flat,1996.0,11.23,
HOUSE_0198,Abuja,167.18,2,2,3,Flat,2016.0,5.65,17.0
HOUSE_0884,Ibadan,206.84,4,3,1,Bungalow,2018.0,7.12,16.0
HOUSE_0280,Enugu,135.78,1,3,2,Bungalow,2005.0,5.9,7.0
HOUSE_0294,Port Harcourt,101.63,3,2,2,Flat,1997.0,3.75,7.0
HOUSE_1089,Ibadan,55.69,2,4,0,Flat,1991.0,8.92,14.0
HOUSE_0401,Ibadan,157.53,2,3,1,Bungalow,2007.0,5.42,9.0
HOUSE_0123,Port Harcourt,71.99,2,4,0,Duplex,2020.0,6.33,18.0
HOUSE_0203,Port Harcourt,102.0,5,2,3,Flat,2004.0,11.11,20.0
HOUSE_0836,Abuja,110.44,4,3,3,Duplex,1997.0,6.17,
HOUSE_0247,Abuja,123.09,4,4,3,Duplex,2021.0,3.69,6.0
HOUSE_1140,Abuja,146.65,2,2,3,Flat,,10.31,
HOUSE_0385,Ibadan,94.92,3,3,1,Duplex,1998.0,17.06,10.0
HOUSE_0855,Abuja,114.69,3,2,2,Bungalow,2000.0,3.13,11.0
HOUSE_0220,Enugu,51.86,3,1,3,Flat,2017.0,7.72,11.0
HOUSE_0642,Ibadan,148.32,5,4,3,Flat,2001.0,12.78,6.0
HOUSE_0002,Enugu,145.91,1,4,0,Flat,1995.0,15.62,12.0
HOUSE_0113,Port Harcourt,101.12,5,1,3,Flat,2010.0,13.44,14.0
HOUSE_0699,Abuja,66.11,3,1,3,Bungalow,1993.0,3.14,
HOUSE_0952,Lagos,166.92,2,4,2,Duplex,2000.0,9.85,14.0
HOUSE_1079,Abuja,104.99,5,4,3,Flat,1990.0,6.41,20.0
HOUSE_0442,Port Harcourt,100.42,4,3,1,Bungalow,2012.0,13.22,13.0
HOUSE_0664,Abuja,82.43,4,4,2,Duplex,2000.0,7.28,7.0
HOUSE_1197,Port Harcourt,60.14,4,2,1,Duplex,1992.0,4.75,17.0
HOUSE_0318,Port Harcourt,79.52,2,1,0,Bungalow,1999.0,0.27,13.0
HOUSE_0649,Enugu,156.76,3,3,3,Bungalow,2004.0,6.55,8.0
HOUSE_0710,Enugu,181.14,3,1,3,Bungalow,1990.0,10.54,8.0
HOUSE_0973,Enugu,144.86,3,3,1,Flat,2016.0,6.15,17.0
HOUSE_0628,Lagos,169.11,1,2,3,Bungalow,1996.0,1.95,16.0
HOUSE_0633,Abuja,126.77,2,4,0,Flat,2016.0,0.93,21.0
HOUSE_1172,Port Harcourt,139.68,4,1,1,Flat,1996.0,5.37,17.0
HOUSE_1107,Lagos,155.29,4,3,1,Flat,1996.0,5.74,6.0
HOUSE_0796,Port Harcourt,77.11,2,3,3,Bungalow,2013.0,6.61,7.0
HOUSE_0646,Abuja,135.54,3,4,1,Flat,,20.46,11.0
HOUSE_1013,Lagos,40.0,1,2,3,Duplex,2015.0,8.92,21.0
HOUSE_0557,Lagos,154.8,1,2,0,Bungalow,1994.0,10.48,12.0
HOUSE_0682,Port Harcourt,124.78,3,1,2,Bungalow,1992.0,3.13,8.0
HOUSE_0578,Abuja,185.68,5,3,1,Duplex,2022.0,13.05,
HOUSE_0525,Lagos,179.06,5,2,3,Duplex,2005.0,14.9,8.0
HOUSE_1060,Port Harcourt,40.0,1,1,2,Flat,1992.0,7.04,19.0
HOUSE_0541,Port Harcourt,106.05,2,1,0,Flat,2007.0,6.25,11.0
HOUSE_0749,Enugu,202.46,1,4,2,Duplex,2010.0,14.04,14.0
HOUSE_1110,Abuja,203.99,3,4,2,Duplex,,6.76,10.0
HOUSE_0485,Enugu,118.39,5,3,2,Bungalow,1996.0,0.85,21.0
HOUSE_0096,Abuja,102.14,3,1,1,Duplex,1992.0,12.28,7.0
HOUSE_1021,Enugu,92.21,5,4,1,Bungalow,1993.0,5.95,
HOUSE_0564,Lagos,132.11,4,2,1,Flat,2015.0,4.23,
HOUSE_0743,Abuja,128.99,1,2,1,Flat,2012.0,12.66,7.0
HOUSE_0864,Ibadan,98.56,5,1,2,Duplex,2007.0,12.04,
HOUSE_0892,Enugu,59.81,5,1,1,Flat,2009.0,11.8,21.0
HOUSE_1039,Abuja,144.63,1,1,0,Duplex,2010.0,14.02,18.0
HOUSE_0207,Enugu,58.64,1,1,0,Duplex,2003.0,14.39,10.0
HOUSE_0393,Abuja,142.39,4,1,0,Bungalow,1994.0,13.4,6.0
HOUSE_0795,Port Harcourt,86.9,4,3,1,Flat,2017.0,8.43,6.0
HOUSE_0871,Port Harcourt,115.82,5,3,0,Flat,2019.0,7.16,8.0
HOUSE_0398,Port Harcourt,76.76,2,1,1,Flat,2017.0,13.27,9.0
HOUSE_0767,Ibadan,132.93,1,3,1,Duplex,2002.0,7.26,12.0
HOUSE_1100,Lagos,94.34,1,4,3,Flat,2011.0,10.44,14.0
HOUSE_1029,Abuja,100.95,2,1,0,Duplex,2017.0,12.37,9.0
HOUSE_0643,Abuja,88.56,3,1,1,Flat,2015.0,1.34,9.0
HOUSE_0613,Abuja,112.59,5,1,0,Flat,2008.0,7.35,
HOUSE_0961,Ibadan,40.83,5,1,3,Bungalow,2013.0,11.74,9.0
HOUSE_0726,Abuja,132.35,1,4,0,Duplex,2016.0,16.51,13.0
HOUSE_0684,Abuja,118.91,2,2,1,Bungalow,2016.0,3.33,9.0
HOUSE_0099,Lagos,84.65,4,4,0,Bungalow,1993.0,8.77,10.0
HOUSE_0805,Abuja,132.92,3,2,3,Flat,,6.74,7.0
HOUSE_0407,Abuja,177.88,4,3,2,Flat,2013.0,8.98,9.0
HOUSE_0503,Ibadan,147.93,2,2,3,Flat,2004.0,9.97,13.0
HOUSE_1072,Enugu,126.93,3,2,0,Bungalow,1993.0,9.22,15.0
HOUSE_1057,Ibadan,121.64,5,3,0,Bungalow,1999.0,2.99,9.0
HOUSE_0930,Lagos,131.55,5,4,3,Flat,2008.0,9.3,21.0
HOUSE_0780,Abuja,179.71,5,2,3,Duplex,1994.0,6.64,16.0
HOUSE_0201,Enugu,56.22,4,2,1,Bungalow,1998.0,5.0,14.0
HOUSE_0135,Ibadan,102.4,5,3,2,Flat,2015.0,8.65,14.0
HOUSE_1052,Lagos,85.21,1,4,1,Duplex,2003.0,13.63,20.0
HOUSE_0041,Abuja,111.21,3,1,1,Duplex,2008.0,9.79,11.0
HOUSE_1018,Abuja,162.41,4,4,3,Flat,2018.0,21.8,
HOUSE_0231,Ibadan,198.59,3,2,1,Duplex,2022.0,8.18,13.0
HOUSE_0379,Port Harcourt,139.73,1,1,1,Duplex,2019.0,8.92,6.0
HOUSE_0289,Lagos,129.42,4,3,0,Bungalow,1993.0,11.85,8.0
HOUSE_0419,Ibadan,182.02,4,1,2,Flat,2018.0,3.01,15.0
HOUSE_0392,Ibadan,135.21,3,2,3,Bungalow,2016.0,11.05,17.0
HOUSE_0593,Abuja,80.41,5,3,1,Bungalow,2011.0,12.7,20.0
HOUSE_1087,Lagos,107.21,1,1,3,Bungalow,1997.0,8.76,17.0
HOUSE_0648,Port Harcourt,123.27,2,2,3,Bungalow,2017.0,7.51,
HOUSE_0521,Lagos,187.36,3,3,0,Bungalow,,5.71,
HOUSE_0065,Enugu,123.99,4,1,1,Flat,2019.0,5.48,10.0
HOUSE_0015,Lagos,95.97,1,1,1,Bungalow,2000.0,6.54,19.0
HOUSE_1065,Ibadan,148.62,5,1,0,Flat,,11.59,
HOUSE_0493,Ibadan,119.86,4,1,3,Flat,1994.0,2.21,21.0
HOUSE_0380,Abuja,85.67,2,3,1,Duplex,1995.0,11.5,17.0
HOUSE_0188,Enugu,206.13,2,3,3,Bungalow,1999.0,4.16,7.0
HOUSE_0764,Port Harcourt,195.38,5,3,2,Flat,1996.0,15.72,
HOUSE_0217,Port Harcourt,109.22,5,4,2,Flat,2002.0,11.59,15.0
HOUSE_0792,Abuja,79.37,3,2,1,Flat,1994.0,8.31,6.0
HOUSE_1077,Enugu,120.84,5,1,1,Bungalow,1998.0,9.15,15.0
HOUSE_0879,Enugu,114.5,3,2,1,Bungalow,1999.0,12.76,11.0
HOUSE_0338,Port Harcourt,63.7,3,4,2,Duplex,2011.0,4.11,19.0
HOUSE_0720,Abuja,139.64,5,2,2,Flat,,11.67,9.0
HOUSE_0296,Lagos,122.86,4,1,1,Bungalow,1992.0,5.61,18.0
HOUSE_1017,Ibadan,139.05,4,2,3,Duplex,1991.0,10.53,9.0
HOUSE_0456,Lagos,107.69,3,4,1,Flat,1991.0,9.1,12.0
HOUSE_0816,Lagos,139.39,1,2,3,Bungalow,2001.0,3.77,9.0
HOUSE_0270,Abuja,160.25,1,2,3,Bungalow,2020.0,5.12,21.0
HOUSE_0996,Enugu,152.02,1,3,1,Flat,1995.0,11.77,20.0
HOUSE_0202,Port Harcourt,120.21,3,1,0,Duplex,1995.0,8.23,11.0
HOUSE_0162,Port Harcourt,87.27,1,3,3,Duplex,2006.0,18.46,17.0
HOUSE_0730,Enugu,171.59,5,4,0,Bungalow,2014.0,11.37,
HOUSE_0402,Lagos,123.84,3,4,2,Bungalow,1994.0,5.69,14.0
HOUSE_0703,Enugu,159.84,1,1,3,Duplex,2013.0,4.22,17.0
HOUSE_1130,Lagos,40.0,2,2,1,Duplex,2005.0,8.99,18.0
HOUSE_0566,Lagos,132.85,5,4,0,Duplex,2003.0,10.11,17.0
HOUSE_1022,Port Harcourt,99.04,5,3,0,Duplex,2016.0,8.76,21.0
HOUSE_1026,Ibadan,153.0,4,2,1,Duplex,1995.0,3.66,21.0
HOUSE_1105,Lagos,107.48,3,4,3,Flat,2016.0,8.0,13.0
HOUSE_0206,Abuja,148.46,2,1,2,Duplex,1998.0,2.38,21.0
HOUSE_0035,Enugu,134.47,1,3,0,Flat,2020.0,4.77,
HOUSE_0776,Port Harcourt,115.99,2,3,2,Duplex,2021.0,6.98,6.0
HOUSE_0509,Lagos,93.94,1,4,1,Bungalow,2002.0,5.58,14.0
HOUSE_1184,Ibadan,98.57,2,4,0,Flat,2021.0,0.54,8.0
HOUSE_0092,Enugu,77.16,3,4,2,Duplex,2011.0,10.41,17.0
HOUSE_0898,Lagos,128.53,3,4,0,Bungalow,2013.0,4.24,
HOUSE_0565,Abuja,117.43,3,3,0,Bungalow,1999.0,9.64,9.0
HOUSE_0777,Port Harcourt,84.88,1,3,3,Duplex,2000.0,3.87,15.0
HOUSE_0242,Lagos,55.74,1,2,3,Duplex,2020.0,9.02,20.0
HOUSE_0014,Enugu,73.96,4,4,2,Flat,1998.0,9.88,
HOUSE_0316,Ibadan,52.3,1,4,3,Flat,1990.0,15.65,
HOUSE_0601,Abuja,125.01,3,4,2,Flat,1999.0,5.85,19.0
HOUSE_0388,Lagos,144.87,5,4,2,Duplex,2010.0,0.15,10.0
HOUSE_0167,Lagos,123.03,3,2,3,Bungalow,1991.0,4.61,14.0
HOUSE_0841,Port Harcourt,136.15,4,2,1,Flat,2007.0,7.88,
HOUSE_0021,Ibadan,149.54,2,1,1,Bungalow,1995.0,8.86,8.0
HOUSE_0647,Lagos,119.76,3,3,3,Duplex,,12.19,14.0
HOUSE_1155,Enugu,141.38,1,1,2,Bungalow,2019.0,12.44,17.0
HOUSE_0832,Abuja,40.0,5,4,1,Bungalow,2004.0,4.96,8.0
HOUSE_0563,Ibadan,185.34,5,1,2,Duplex,2014.0,2.27,18.0
HOUSE_1171,Port Harcourt,147.95,5,1,2,Duplex,2002.0,10.1,12.0
HOUSE_0687,Enugu,65.12,3,3,3,Bungalow,2017.0,0.07,16.0
HOUSE_0958,Abuja,47.96,2,1,0,Bungalow,,5.29,14.0
HOUSE_0190,Enugu,207.59,5,2,2,Duplex,2008.0,3.96,18.0
HOUSE_0976,Lagos,49.08,3,2,0,Flat,,14.31,19.0
HOUSE_0700,Ibadan,168.02,1,4,3,Bungalow,1998.0,4.72,10.0
HOUSE_0511,Port Harcourt,140.91,2,4,2,Flat,1990.0,5.13,6.0
HOUSE_1083,Abuja,183.22,5,3,3,Flat,2022.0,2.92,16.0
HOUSE_0475,Abuja,118.18,1,3,3,Flat,,9.22,
HOUSE_0857,Port Harcourt,40.0,4,3,0,Bungalow,2017.0,12.24,13.0
HOUSE_0748,Port Harcourt,181.68,5,2,1,Bungalow,1993.0,18.03,9.0
HOUSE_0253,Ibadan,93.97,5,3,1,Flat,2022.0,5.56,18.0
HOUSE_0022,Port Harcourt,115.37,1,2,1,Bungalow,2020.0,6.49,
HOUSE_0460,Enugu,102.14,1,2,0,Flat,2012.0,8.97,
HOUSE_0277,Abuja,166.71,2,4,3,Bungalow,2010.0,9.27,8.0
HOUSE_0956,Ibadan,189.3,5,2,0,Bungalow,2021.0,19.16,6.0
HOUSE_0386,Enugu,148.31,5,1,1,Duplex,2012.0,5.19,12.0
HOUSE_0806,Lagos,108.33,2,2,3,Duplex,2014.0,0.18,13.0
HOUSE_0344,Abuja,110.39,4,4,0,Duplex,2020.0,6.13,
HOUSE_0770,Enugu,73.2,3,3,2,Flat,2008.0,6.36,
HOUSE_0131,Lagos,82.92,5,4,1,Duplex,1999.0,7.7,13.0
HOUSE_0872,Port Harcourt,122.8,2,3,0,Flat,2000.0,13.81,14.0
HOUSE_1124,Enugu,84.05,4,3,2,Bungalow,2017.0,1.35,13.0
HOUSE_0088,Port Harcourt,131.07,3,2,3,Flat,2012.0,12.14,14.0
HOUSE_0331,Port Harcourt,97.05,3,3,0,Flat,1995.0,5.27,11.0
HOUSE_0467,Enugu,62.08,5,4,0,Duplex,1999.0,2.99,10.0
HOUSE_0122,Ibadan,140.2,3,4,3,Duplex,2002.0,12.33,13.0
HOUSE_1045,Lagos,101.87,5,3,2,Bungalow,2000.0,15.26,6.0
HOUSE_1096,Port Harcourt,56.08,3,1,3,Duplex,2013.0,10.31,
HOUSE_1131,Ibadan,137.47,4,4,1,Duplex,2006.0,10.02,
HOUSE_0861,Abuja,140.52,3,3,1,Bungalow,1995.0,6.7,6.0
HOUSE_1127,Enugu,61.95,1,2,3,Bungalow,2022.0,7.94,17.0
